sku,national_inv,lead_time,in_transit_qty,forecast_3_month,forecast_6_month,forecast_9_month,sales_1_month,sales_3_month,sales_6_month,sales_9_month,min_bank,local_bo_qty,went_on_backorder
1111623,0,8,0,2,3,5,0,3,3,3,2,0,89
1111650,110,8,0,0,0,0,2,10,22,29,3,0,78
1111651,143,8,1,16,50,118,18,49,106,284,27,0,78
1111652,24,8,0,3456,3456,3456,10,39,68,93,7,1,89
1111653,36,8,0,0,0,0,0,3,4,6,2,0,78
1111654,163,8,0,129,298,380,56,118,202,310,0,0,78
1111655,-55,8,2,428,526,606,25,100,205,387,52,56,89
1111656,74,8,0,0,0,0,0,6,14,18,0,0,78
1111657,225,8,0,0,0,0,8,10,10,128,1,0,78
1111659,30,8,14,42,84,126,7,56,107,148,24,0,89
1111670,-499,12,350,3452,5044,7188,747,2550,3572,4745,401,525,89
1111929,1,8,2,26,38,46,8,14,27,42,0,0,89
1111930,10,8,0,2,12,20,2,3,8,15,0,0,78
1111931,94,8,0,0,0,0,1,12,20,36,2,0,78
1111932,5,9,0,0,0,0,0,1,1,3,0,0,78
1112970,1,10,0,8,11,14,1,6,9,10,5,0,78
1112971,13,2,0,5,15,25,10,31,48,58,4,0,89
1112972,1,8,0,3,3,5,2,2,2,6,1,0,78
1112985,720,2,854,0,240,780,0,0,0,0,157,0,78
1112986,5,2,0,13,26,26,1,5,10,18,3,0,89
1112987,4,8,0,0,0,0,1,1,1,1,0,0,78
1112993,3,8,0,0,1,2,0,0,2,3,0,0,78
1112994,0,2,0,15,15,15,0,0,0,0,0,0,89
1112995,7,12,0,0,0,0,0,0,1,2,2,0,78
1113056,0,8,4,0,0,2,0,2,2,2,0,0,78
1113057,-4,8,0,24,41,50,3,6,19,32,5,4,89
1113058,0,0,0,16,27,36,0,0,0,0,1,0,78
1113110,87,8,3,0,0,0,6,17,39,62,18,0,78
1113111,8,8,0,6,17,23,7,13,28,50,4,0,89
1113112,13,9,0,0,0,0,0,0,0,0,0,0,78
1113120,134,9,0,0,0,0,0,0,0,0,0,0,78
1113121,0,8,1,6,6,6,0,4,9,12,0,0,89
1113122,0,10,2,0,0,1,0,0,2,2,0,0,89
1113123,500,12,0,0,0,0,0,0,0,0,0,0,78
1113198,24,4,0,0,0,0,0,0,0,0,0,0,78
1113199,0,12,1,4,7,10,1,3,5,8,0,0,89
1113221,24,2,0,0,50,50,0,0,0,0,0,0,78
1113222,57,8,0,576,768,960,61,184,519,589,101,3,89
1113223,18,2,0,0,0,0,1,1,2,3,0,0,78
1113268,0,8,0,2,3,4,1,2,3,3,0,0,89
1113269,82,9,0,33,93,143,21,62,120,206,24,0,78
1113270,53,8,0,0,0,0,0,0,0,0,1,0,78
1113271,7,4,0,0,0,0,0,1,1,2,0,0,78
1113365,86,3,16,36,136,184,21,54,130,223,19,0,78
1113366,2,8,0,38,55,89,12,41,75,98,1,0,89
1113367,113,2,0,0,0,0,0,1,1,2,2,0,78
1113368,102,12,0,0,0,0,0,3,14,23,0,0,78
1113480,5,8,0,15,30,44,6,15,47,61,4,0,89
1113650,23,8,0,0,0,0,0,0,2,3,0,0,78
1113651,0,8,0,3,4,6,2,3,4,5,0,0,89
1113873,3,8,0,0,0,0,0,0,0,1,1,0,78
1113874,20,2,0,45,99,153,16,42,80,111,10,0,89
1113899,8,8,0,0,0,0,0,0,1,5,0,0,78
1113900,0,12,0,3,4,5,1,3,5,5,0,0,89
1113901,48,8,0,26,56,86,10,26,81,95,4,0,78
1113902,0,9,0,2,3,4,1,2,4,4,0,0,78
1113903,8,8,0,0,0,0,0,0,0,0,0,0,78
1113995,16,8,0,0,5,5,0,3,7,10,6,0,78
1113996,0,9,0,22,42,62,6,18,28,38,4,0,89
1113997,21,8,24,0,0,24,6,20,32,38,4,0,78
1114030,3,8,0,0,1,2,0,0,2,4,0,0,78
1114031,1,2,0,10,10,10,1,1,1,1,0,0,89
1114032,2,12,0,0,0,0,0,0,0,0,0,0,78
1114042,42,2,0,0,0,0,4,4,4,4,0,0,78
1114043,3,2,0,10,16,26,5,8,21,33,1,0,89
1114044,256,2,0,0,0,0,13,25,37,41,16,0,78
1114045,68,2,0,0,0,0,0,0,0,0,0,0,78
1114107,24,2,0,0,0,0,0,0,0,0,0,0,78
1114108,12,2,0,0,0,0,0,0,1,7,0,0,78
1114109,0,8,0,49,49,49,0,0,0,0,0,0,89
1114110,45,8,183,474,822,1104,305,539,884,1182,227,3,89
1114111,0,8,0,1,1,1,0,0,0,0,0,0,78
1114112,4,2,0,0,0,0,0,0,0,0,0,0,78
1114197,0,2,0,16,40,40,0,1,1,1,0,0,89
1114198,3,8,0,2,3,5,1,2,2,6,0,0,78
1114221,5,2,0,0,0,1,0,1,5,6,0,0,78
1114222,0,8,0,9,14,21,5,17,36,43,0,0,89
1114223,978,8,0,0,0,0,60,155,435,690,89,0,78
1114410,20,8,0,0,0,0,0,0,0,0,1,0,78
1114411,0,8,0,10,10,20,6,8,15,20,1,0,89
1114412,122,2,66,62,93,124,44,129,189,227,27,0,78
1114822,1,4,0,0,0,0,0,0,0,0,0,0,78
1114823,0,12,0,31,31,31,7,15,33,47,2,0,89
1114945,10,8,0,0,0,0,0,0,0,0,2,0,78
1114946,1,9,0,2,2,2,0,6,6,6,0,0,89
1115060,0,2,0,3,3,3,0,0,0,0,0,0,89
1115061,0,2,0,1,1,1,0,0,0,0,0,0,78
1115134,19,12,19,0,0,0,0,0,0,0,1,0,78
1115135,7,2,0,0,0,10,1,2,6,11,0,0,89
1115136,8,2,0,0,0,5,1,2,6,11,2,0,78
1115137,21,4,0,0,0,0,0,0,0,0,0,0,78
1115452,2485,2,0,0,0,0,0,0,5,10,0,0,78
1115453,55,8,0,216,360,492,30,108,275,340,51,0,89
1115454,4985,2,0,0,0,0,0,0,5,5,1,0,78
1115563,578,8,0,370,555,925,108,333,737,1146,258,0,78
1115564,3,14,0,6,18,24,3,9,12,18,1,0,89
1115565,158,8,0,0,0,0,8,25,28,30,2,0,78
1115619,1,8,0,3,5,7,1,2,4,6,0,0,78
1115620,-34,8,0,120,240,240,83,122,144,165,33,34,89
1115621,103,8,0,0,0,0,0,0,1,2,68,0,78
1115710,8,52,0,0,0,0,1,4,7,7,0,0,78
1115711,5,4,0,0,15,15,3,5,8,12,0,0,89
1115712,15,8,0,0,20,20,5,17,26,33,0,0,78
1115718,6,9,5,6,12,18,4,9,13,21,0,0,78
1115719,3,2,0,0,6,12,2,8,14,19,0,0,89
1115720,67,8,0,0,0,80,5,19,41,62,4,0,78
1115941,3,0,0,12,26,38,5,16,29,42,1,0,89
1116445,189,52,0,0,0,0,6,31,63,94,16,0,78
1116446,4,9,0,43,67,115,5,22,40,58,4,0,89
1116447,121,8,28,0,0,96,18,49,100,169,39,0,78
1116533,200,8,1,0,0,0,5,23,55,82,16,0,78
1116534,0,8,0,6,10,14,0,0,0,0,0,0,89
1116535,56,6,1,22,22,66,8,24,62,87,11,0,78
1116571,7,8,0,0,0,0,0,0,0,0,0,0,78
1116572,33,8,24,37,51,86,18,40,94,132,27,0,89
1116573,63,9,0,0,0,0,0,1,2,2,0,0,78
1116609,3,8,0,0,0,0,0,0,0,0,0,0,78
1116610,-1,0,0,26,36,51,8,18,42,52,1,1,89
1116611,4,8,0,0,0,0,0,0,0,0,0,0,78
1116670,6,8,0,0,0,0,0,0,1,1,1,0,78
1116671,0,10,0,1,2,2,2,2,3,3,0,0,89
1116672,43,8,4,28,64,97,12,39,82,145,22,0,78
1116702,34,8,0,0,0,0,2,3,13,15,0,0,78
1116703,0,2,0,0,0,0,0,0,0,0,0,0,89
1116704,5,2,0,0,0,0,0,0,0,0,0,0,78
1116733,15,0,0,0,0,0,0,0,3,4,1,0,78
1116734,3,3,0,167,257,347,32,97,176,181,40,0,89
1116735,28,8,0,0,0,0,0,1,1,2,0,0,78
1116756,7,8,0,10,10,20,2,5,10,21,0,0,78
1116757,5,8,0,50,50,100,5,30,44,62,0,0,89
1116758,2,9,0,0,0,0,0,0,2,2,0,0,78
1116833,978,8,0,101,323,527,0,0,0,3,2,0,78
1116834,2,8,0,4,6,9,1,5,6,9,2,0,89
1116835,0,2,0,10,10,10,0,0,0,0,0,0,78
1116859,124,8,0,0,0,0,7,12,19,29,2,0,78
1116860,6,2,0,28,52,76,7,12,14,14,5,0,89
1116861,553,2,163,560,1200,1840,325,697,1118,1795,256,7,78
1116867,3,8,0,0,1,3,0,1,2,2,0,0,78
1116868,-7,8,0,56,96,112,13,30,56,76,0,7,89
1116869,51,8,10,46,102,152,16,42,95,160,17,0,78
1116969,206,8,0,0,0,0,8,25,47,68,25,0,78
1116970,1,2,0,3,5,7,1,2,7,8,0,0,89
1116971,77,4,0,0,0,0,3,5,13,20,2,0,78
1117010,1293,8,0,0,0,0,0,0,4,4,0,0,78
1117011,1,8,0,2,4,6,0,2,3,4,0,0,89
1117012,79,8,0,0,0,0,1,4,11,13,1,0,78
1117277,118,8,0,0,0,0,0,0,0,0,0,0,78
1117278,4,2,0,0,0,0,2,5,5,5,1,0,89
1117279,65,2,0,133,213,349,92,226,266,299,0,0,78
1117280,24,4,1,23,38,49,3,7,17,22,0,0,78
1117281,4,2,0,0,0,0,0,0,0,0,0,0,78
1117282,12,8,0,0,0,4,3,10,22,30,0,0,78
1117283,2,2,0,2,6,8,1,3,6,12,0,0,89
1117308,150,2,0,0,0,0,5,14,21,34,5,0,78
1117309,112,2,0,0,0,0,13,513,513,513,0,0,89
1117310,229,2,417,930,1750,2680,643,1215,1965,2621,344,1,78
1117343,3,8,0,42,85,107,17,30,53,88,10,0,89
1117344,7331,3,2307,14400,31000,46900,4688,15480,32594,50716,2878,0,78
1117564,2,8,1,1,1,2,0,1,2,3,0,0,78
1117565,2,8,0,5,9,13,1,5,8,11,0,0,89
1117566,1330,2,3,0,0,285,140,368,633,876,173,4,78
1117586,41,8,20,40,80,160,17,47,99,152,25,0,78
1117587,12,8,1,165,294,412,32,131,256,373,47,0,89
1117588,6,2,0,0,0,0,0,0,0,0,1,0,78
1117638,4,4,0,0,0,0,0,1,2,2,0,0,78
1117639,12,8,0,30,30,30,1,1,4,16,0,0,89
1117640,38,8,0,0,0,0,0,2,2,2,2,0,78
1117649,0,2,0,4,6,8,2,2,5,11,0,0,89
1117650,204,8,171,0,0,0,1,1,3,3,3,0,78
1117651,2,8,0,10,17,24,0,9,12,19,0,0,89
1117652,41,8,0,0,0,0,0,2,15,16,0,0,78
1117700,62,2,90,0,0,15,3,8,17,24,3,0,78
1117701,7,2,0,5,10,15,2,6,15,22,0,0,89
1117755,28,4,0,0,0,0,0,0,2,2,0,0,78
1117776,0,2,0,5,7,7,0,0,0,0,0,0,89
1117858,32,8,0,105,109,109,17,18,19,19,19,0,78
1117859,42,9,0,0,48,96,7,29,46,91,14,0,89
1117910,57,2,0,0,0,0,50,50,50,50,0,0,78
1117924,2,3,0,0,0,0,0,0,0,0,2,0,89
1117925,19,8,0,0,0,0,0,0,0,0,0,0,78
1117955,2,8,0,0,0,0,0,0,0,0,0,0,78
1117956,1,8,0,2,4,5,1,2,3,6,0,0,89
1117957,5,8,0,0,0,0,0,0,0,0,1,0,78
1117978,0,12,0,5,8,9,0,0,0,0,0,0,78
1117979,35,2,0,6,18,18,6,10,10,10,0,0,89
1117980,4,4,0,1,1,1,0,0,0,0,0,0,78
1118119,8,12,0,3,3,3,0,0,0,0,1,0,78
1118120,0,12,0,1040,1280,1640,111,443,1035,1717,150,20,89
1118121,20,2,0,0,0,0,0,0,0,0,1,0,78
1118247,7,4,0,0,0,0,1,1,1,1,0,0,78
1118248,0,12,0,5,6,9,0,4,5,6,3,0,89
1118249,10,4,0,0,0,0,11,21,21,21,0,0,78
1118344,9,8,0,0,0,0,0,0,1,1,0,0,78
1118345,0,2,0,54,72,72,0,0,0,0,4,0,89
1118346,2,8,0,0,0,0,0,0,0,0,1,0,78
1118384,245,10,0,0,0,0,11,30,67,83,11,0,78
1118385,5,8,0,25,50,75,8,26,39,55,0,0,89
1118386,5,8,0,0,0,0,0,0,0,0,1,0,78
1118402,359,0,30,64,192,256,67,196,395,608,267,0,78
1118403,8,2,0,0,0,0,3,4,8,8,0,0,89
1118404,0,2,5,0,6,6,0,0,0,0,0,0,78
1118405,1,8,0,0,0,1,0,0,1,1,1,0,78
1118406,2,8,0,0,1,2,0,1,1,1,0,0,89
1118407,3,9,0,2,2,2,0,0,0,0,0,0,78
1118496,53,8,0,0,0,0,0,1,1,1,1,0,78
1118497,87,2,0,18,72,108,16,98,173,241,48,0,89
1118498,2,8,0,1,3,5,1,2,4,6,1,0,78
1118562,0,4,0,22,33,39,0,0,0,0,0,0,78
1118563,1,8,0,3,5,6,1,2,4,6,0,0,89
1118564,4,8,0,0,2,4,0,1,3,5,0,0,78
1118737,1,2,0,6,6,6,2,2,2,2,0,0,78
1118738,1,8,0,1,3,4,1,1,3,4,1,0,78
1118739,1,8,0,3,6,9,2,4,8,10,0,0,89
1118740,7,2,0,9,24,42,7,16,28,32,3,0,89
1118741,690,12,0,664,844,1024,171,349,546,973,273,0,78
1118846,43,8,1,186,314,409,46,159,291,445,112,0,78
1118847,14,8,0,112,112,212,45,66,112,153,21,0,89
1118848,29,8,0,0,12,20,4,16,33,58,0,0,78
1118983,1,9,0,0,0,0,0,0,0,0,0,0,78
1118984,0,12,0,4,7,9,1,3,4,7,0,0,89
1118985,3076,8,0,0,0,0,14,69,212,315,81,0,78
1119084,446,8,109,588,966,1386,115,368,844,1458,144,0,78
1119085,-372,5,5,2416,3766,4866,545,1302,2190,3447,250,412,89
1119086,73,0,0,0,0,0,0,0,0,0,2,0,78
1119408,19,8,0,0,0,0,0,0,0,0,1,0,78
1119409,1,8,0,3,4,4,1,3,4,8,0,0,89
1119410,918,2,0,0,0,0,0,0,0,0,1,0,78
1119651,1,2,0,0,0,0,0,0,0,0,0,0,78
1119652,0,2,0,7,7,7,0,0,0,1,0,0,89
1119653,6,2,0,0,0,0,0,0,0,1,0,0,78
1119761,310,2,0,0,0,0,1,2,4,6,2,0,78
1119762,15,4,7,7,21,28,0,9,10,18,5,0,89
1119763,20,2,0,0,0,0,0,0,0,0,0,0,78
1119990,14,4,0,0,0,0,0,0,0,0,0,0,78
1119991,0,2,0,32,70,103,0,0,0,0,0,0,89
1119992,2,4,0,1,2,3,0,1,2,2,0,0,78
1120032,18,2,0,0,0,0,0,0,0,0,0,0,78
1120033,4,3,0,0,3,3,3,6,12,18,0,0,89
1120034,3,8,0,11,17,29,3,9,16,20,1,0,78
1120139,136,8,0,0,45,90,20,44,101,156,34,0,78
1120140,3,8,0,26,40,54,4,11,16,25,1,0,89
1120141,1,8,0,1,1,2,0,1,1,1,0,0,78
1120185,7,9,9,26,26,52,4,21,28,50,0,0,78
1120186,0,2,3,3,6,10,0,5,10,11,0,0,89
1120187,8,9,0,0,0,0,0,0,1,1,0,0,78
1120246,2,4,0,0,0,0,0,0,0,0,0,0,78
1120247,0,4,0,5,5,5,0,0,0,0,0,0,89
1120248,4,8,0,0,0,0,2,2,6,8,0,0,78
1120263,16,52,0,0,0,0,0,0,0,0,1,0,78
1120264,4,2,0,0,0,0,0,0,0,6,0,0,89
1120265,2,2,0,3,3,3,0,0,0,0,0,0,78
1120302,79,16,2,0,0,0,4,15,32,46,34,0,78
1120303,9,8,0,40,60,100,18,36,58,102,8,0,89
1120304,189,52,0,0,0,0,0,0,4,9,2,0,78
1120319,5,8,0,0,0,0,0,0,0,1,0,0,78
1120320,1,2,1,3,6,8,1,2,2,2,0,0,89
1120321,0,2,0,192,256,256,0,0,0,0,18,0,78
1120406,10,8,0,0,10,20,1,5,8,16,0,0,78
1120407,1,12,0,1,3,4,4,5,10,16,1,0,89
1120408,19,8,0,0,0,0,0,0,3,3,0,0,78
1120626,15,2,0,40,80,100,4,9,34,49,4,0,78
1120627,0,8,0,25,25,37,40,45,50,84,0,0,89
1120628,0,8,0,0,0,0,0,0,0,0,0,0,78
1120677,30,6,0,0,0,0,0,0,0,0,0,0,78
1120678,48,8,66,3402,5508,7695,1198,2623,4789,6803,611,84,89
1120679,1169,2,1,0,0,0,13,51,70,96,28,0,78
1120688,9,2,0,0,4,8,5,6,19,30,1,0,78
1120689,0,12,0,7,9,11,3,4,6,8,0,0,89
1120690,106,9,3,0,75,150,19,59,119,191,27,0,78
1120716,913,9,100,1650,3150,4500,497,1715,3409,5017,650,0,78
1120717,0,8,0,7,11,15,2,6,12,16,0,0,89
1120718,10,3,0,28,70,98,12,29,55,65,5,0,78
1120783,58,4,24,38,97,115,10,40,75,152,25,0,78
1120784,2,8,0,2,5,7,2,4,4,8,0,0,89
1120785,83,2,1,10,60,110,33,68,169,209,24,0,78
1120823,45,8,0,0,0,0,0,0,1,1,0,0,78
1120824,2,3,0,10,15,20,4,10,15,23,0,0,89
1120825,76,2,21,36,86,146,14,59,118,166,24,0,78
1120863,702,8,0,0,960,960,0,0,2,2,2,0,78
1120864,267,8,14,250,400,450,67,184,372,612,294,0,78
1120865,34,9,0,0,10,20,2,9,20,44,1,0,89
1120866,4,12,0,0,0,0,2,4,8,10,15,0,89
1120867,83,8,3,35,98,125,12,42,103,176,32,0,78
1120868,7,8,0,0,0,0,1,1,2,3,0,0,89
1120869,0,4,0,0,0,0,0,0,0,0,1,0,78
1120931,91,8,6,105,215,303,20,84,199,345,23,0,78
1120953,56,2,0,0,0,0,0,0,0,1,0,0,78
1120954,0,9,0,9711,17237,19958,0,0,0,0,675,0,89
1120955,530,2,9,0,0,0,30,79,150,210,44,0,78
1120991,58,12,1,0,0,0,2,5,31,46,2,0,78
1120992,0,4,0,4,4,4,0,0,1,3,1,0,89
1120993,110,3,62,0,60,180,12,66,144,219,65,0,78
1121150,52,8,1,30,50,90,20,71,161,208,44,0,78
1121151,1,8,1,104,104,104,2,6,17,18,15,0,89
1121152,4,8,0,0,0,0,0,0,0,0,1,0,78
1121156,0,12,0,1,1,1,0,0,0,0,0,0,78
1121157,100,8,0,500,750,750,175,302,497,832,0,0,89
1121158,37,2,10,14,35,56,9,47,79,100,29,0,78
1121159,47,12,0,0,0,0,4,4,4,4,0,0,78
1121256,0,8,0,0,0,0,0,0,0,0,0,0,78
1121257,2,8,0,1,2,4,1,2,9,11,1,0,89
1121258,99,2,0,0,0,0,0,0,0,1,0,0,78
1121393,33,8,0,0,14,28,2,11,28,54,0,0,78
1121394,-1,2,0,28,42,42,13,16,24,35,10,1,89
1121395,2,9,0,0,0,0,0,0,0,0,0,0,78
1121462,129,2,0,84,168,252,55,109,203,311,44,0,78
1121463,0,2,0,6,12,15,2,9,13,18,0,0,89
1121464,10,9,0,3,3,3,0,0,0,0,0,0,78
1121553,6,4,0,0,0,0,0,0,0,0,4,0,78
1121554,1,8,0,2,3,4,1,1,2,4,0,0,89
1121555,12,3,0,0,0,0,0,1,1,1,1,0,78
1121605,316,2,0,0,0,0,0,0,0,0,2,0,78
1121606,8,2,0,1,4,4,0,0,0,0,1,0,89
1121607,26,2,0,0,0,0,0,0,1,8,2,0,78
1121661,8,2,0,0,0,0,2,9,10,10,0,0,78
1121662,7,2,0,0,0,50,1,4,5,5,1,0,89
1121663,0,2,0,3,3,3,0,0,0,0,0,0,78
1121687,13,4,0,0,0,0,0,0,0,0,0,0,78
1121688,1,2,0,72,144,228,6,12,13,13,0,0,89
1121689,36,2,0,0,0,0,0,1,7,7,1,0,78
1121695,0,8,0,5,7,7,0,0,0,0,0,0,78
1121696,5,3,0,5,8,8,4,4,4,4,0,0,89
1121697,7,2,0,0,0,0,1,1,1,1,0,0,78
1121752,0,2,0,352,442,442,0,0,2,2,62,0,89
1121753,185,8,0,0,0,30,16,66,187,295,29,0,78
1121941,971,8,0,0,0,0,0,80,215,337,14,0,78
1121942,0,2,0,1200,2112,2864,0,0,0,0,136,0,89
1121943,106,2,0,0,0,0,0,0,0,0,1,0,78
1122113,47,8,0,0,0,0,0,0,1,1,2,0,78
1122114,0,2,0,4,7,8,0,0,0,0,0,0,89
1122115,630,8,121,760,1880,2930,552,1648,3032,4406,305,0,78
1122342,23262,6,6072,38808,74088,97608,7822,26147,52405,87762,5176,0,78
1122343,9,2,0,24,48,72,4,22,56,78,2,0,89
1122344,44,2,0,0,0,0,0,1,2,4,0,0,78
1122448,13,2,0,0,0,0,0,0,1,1,0,0,78
1122449,1,2,0,0,1,2,0,0,0,0,1,0,89
1122450,24005,12,0,0,0,0,3,17,32,63,14,0,78
1122460,36,8,6,24,48,64,6,21,46,84,18,0,78
1122461,0,2,0,5,5,5,0,0,0,0,0,0,89
1122462,45,2,0,0,0,0,0,0,2,3,0,0,78
1122486,391,8,0,0,0,0,2,2,3,3,3,0,78
1122487,1,8,0,10,10,10,2,10,17,20,2,0,89
1122488,658,2,183,480,1080,1680,241,615,1243,2141,228,0,78
1122740,8220,8,0,0,0,0,0,20,134,179,78,0,78
1122741,-30,8,0,360,360,540,0,110,398,773,125,30,89
1122879,6,8,0,24,48,72,9,34,59,73,6,0,89
1122880,490,12,0,0,0,0,10,10,10,10,0,0,78
1122911,118,8,0,0,0,0,2,12,24,36,1,0,78
1122912,2,12,0,10,10,10,0,0,2,5,0,0,89
1122913,602,8,27,240,480,960,102,390,873,1430,127,0,78
1122999,2,8,0,8,19,26,4,7,15,21,2,0,89
1123000,55,9,0,0,0,0,2,2,7,11,1,0,78
1123193,5,8,0,0,0,0,0,0,0,0,0,0,78
1123194,39,2,0,0,0,0,62,196,282,328,67,0,89
1123195,41,8,0,0,0,0,0,1,3,4,0,0,78
1123265,277,12,0,0,0,0,0,0,2,3,0,0,78
1123266,2,3,0,0,1,2,0,0,1,1,0,0,89
1123267,75,8,0,112,169,226,29,82,145,211,30,0,78
1123392,27,2,0,0,0,0,0,0,0,0,2,0,78
1123393,5,4,1,35,73,107,13,33,70,75,0,0,89
1123394,92,2,51,80,240,400,24,139,242,299,47,0,78
1123494,11,4,0,0,0,0,7,12,44,44,0,0,89
1123495,0,16,0,4,4,4,0,0,0,0,0,0,78
1123567,185,2,0,360,684,1080,69,212,360,394,105,0,78
1123568,0,2,0,5,5,5,0,0,0,0,0,0,89
1123569,48,2,0,0,0,0,0,0,16,16,0,0,78
1123604,6,12,0,0,0,0,0,0,0,0,0,0,78
1123605,4,8,0,4,12,16,6,12,15,15,0,0,89
1123606,0,2,7,3,3,3,0,0,0,0,1,0,78
1123640,8,8,0,9,18,27,2,8,16,21,0,0,78
1123641,0,8,0,3,5,7,0,2,4,5,1,0,89
1123642,0,2,0,5,9,9,0,0,0,0,0,0,78
1123706,25,4,0,0,0,0,0,0,0,0,0,0,78
1123708,18,4,0,0,0,0,1,6,10,14,2,0,78
1124216,18,8,0,0,0,0,0,0,0,0,0,0,78
1124217,3,12,0,4,10,12,2,5,15,21,0,0,89
1124218,44,8,0,0,0,0,2,6,6,7,0,0,78
1124242,0,4,0,3,3,3,0,0,0,0,1,0,78
1124243,2,8,0,25,45,63,7,26,47,64,0,0,89
1124244,382,8,0,0,0,0,0,1,1,2,0,0,78
1124304,26,2,0,0,0,0,0,0,0,0,0,0,78
1124305,11,2,0,6,12,18,4,19,25,30,0,0,89
1124306,12,2,0,0,0,0,0,0,0,0,0,0,78
1124321,0,12,0,163,197,231,0,52,112,162,0,0,89
1124322,128,8,42,80,200,300,38,96,194,287,82,0,78
1124503,681,8,234,278,938,1658,218,611,1267,2058,203,0,78
1124504,2,2,0,0,0,0,3,10,22,23,2,0,89
1124505,345,2,254,154,308,462,79,217,426,618,65,0,78
1124934,445,12,29,84,259,469,96,242,597,891,71,0,78
1124935,4,8,1,20,30,42,9,19,40,60,10,0,89
1124936,165,8,0,0,0,0,0,0,0,0,0,0,78
1125123,501,8,146,441,953,1284,149,436,899,1477,138,0,78
1125124,96,8,5,290,514,668,45,197,465,791,89,0,89
1125133,4,2,0,5,10,15,1,6,11,17,0,0,78
1125134,11,2,0,0,0,0,1,2,3,3,0,0,89
1125192,7,2,0,0,10,10,0,4,4,8,0,0,78
1125193,12,2,0,24,72,96,6,22,39,55,4,0,89
1125284,243,2,0,0,0,0,1,3,4,7,3,0,78
1125285,2,2,0,0,0,0,1,3,6,6,0,0,89
1125286,10810,8,0,0,0,0,1,3,7,12,2,0,78
1125367,2,12,0,0,0,0,0,0,0,1,1,0,78
1125368,0,9,0,12,12,12,0,0,2,6,1,0,89
1125369,4,2,0,12,20,30,4,13,24,29,0,0,78
1125370,125,8,0,0,0,100,10,34,82,122,13,0,78
1125371,0,8,0,0,0,0,0,0,0,0,0,0,78
1125372,3,14,0,0,0,0,0,0,0,0,1,0,78
1125373,6,8,7,14,29,44,14,26,50,66,4,0,89
1125485,0,2,0,11,11,11,0,0,0,0,0,0,78
1125486,0,2,0,11,20,24,0,0,0,0,0,0,89
1125487,100,2,0,0,0,0,0,0,0,0,0,0,78
1125522,0,2,0,100,100,100,0,0,0,0,2,0,78
1125523,7,2,0,6,12,20,2,6,27,48,0,0,89
1125558,7,9,0,0,0,0,0,0,0,0,2,0,78
1125559,1,8,0,4,5,6,2,4,6,9,0,0,89
1125735,3,9,0,0,0,0,0,0,0,0,1,0,78
1125736,0,9,0,3,4,5,0,2,2,2,0,0,89
1125737,3,8,0,0,0,0,0,0,0,0,1,0,78
1126033,81,8,0,0,0,0,5,22,44,70,9,0,78
1126034,9,8,0,65,65,65,36,114,173,202,62,0,89
1126035,9,12,0,0,5,10,1,3,4,6,0,0,78
1126036,2,12,0,0,0,0,0,0,0,0,0,0,78
1126037,31,8,0,0,0,0,0,0,0,0,0,0,78
1126038,45,8,1,147,266,387,31,105,219,354,80,0,89
1126039,15381,8,511,8019,17820,25542,2912,10482,24104,34554,1964,0,78
1126053,38,8,0,53,95,123,12,50,86,104,17,0,78
1126054,1,8,0,48,72,120,12,26,56,76,0,0,89
1126055,122,8,46,294,420,588,63,227,386,605,146,0,78
1126176,10,8,0,0,0,0,0,0,1,4,0,0,78
1126177,9,8,0,6,12,18,2,6,12,16,0,0,89
1126178,0,5,0,0,0,0,0,0,0,0,0,0,78
1126318,117,4,545,88,88,88,48,196,289,293,66,0,78
1126319,0,8,0,70,100,100,0,0,0,0,13,0,89
1126320,3,2,0,2,3,3,0,0,0,0,0,0,78
1126428,3,8,0,16,16,16,0,1,3,4,0,0,78
1126429,1,3,0,3,5,9,1,3,5,8,0,0,89
1126430,1,8,0,3,5,7,1,3,5,6,3,0,78
1126645,4845,52,0,0,0,0,0,0,13,23,0,0,78
1126646,0,2,0,11,20,24,0,0,0,0,0,0,89
1126647,514,2,84,548,1244,1708,211,590,1025,1376,167,0,78
1126656,24168,52,0,0,0,0,0,0,0,0,0,0,78
1126657,0,3,0,26,39,52,9,23,40,53,0,0,89
1126658,262,10,1,0,0,280,11,34,50,79,27,0,78
1126808,1,12,0,29,60,80,5,36,53,97,10,0,89
1126809,3,52,0,0,0,0,0,0,0,0,1,0,78
1126934,367,2,176,585,1215,1845,247,571,1083,1654,196,0,78
1126935,0,12,7,480,768,1008,252,423,649,916,73,52,89
1126936,0,9,0,0,0,0,0,0,0,0,1,0,78
1127323,0,2,0,4,7,7,0,0,0,0,0,0,78
1127324,10,2,6,2,5,5,0,0,0,0,2,0,89
1127675,21,0,0,28,77,126,0,0,0,0,0,0,78
1127676,1,9,5,17,25,32,2,6,6,6,0,0,89
1127677,912,8,0,0,0,0,3,13,36,51,2,0,78
1127719,3,8,0,3,7,12,1,1,1,1,0,0,78
1127720,150,8,0,325,625,1225,196,438,949,1243,0,0,89
1127721,31,9,5,10,30,50,6,21,49,75,5,0,78
1127764,76,8,118,70,229,383,38,150,331,514,59,0,78
1127765,0,4,0,12,18,18,0,0,0,0,0,0,89
1127834,0,8,0,0,0,0,0,0,0,0,1,0,78
1127835,8,8,0,43,49,82,8,30,59,85,7,0,89
1127836,9,8,0,0,0,0,0,0,0,0,0,0,78
1127839,2,8,0,0,0,1,15,15,16,16,2,0,78
1127840,0,12,0,5,7,7,0,0,0,1,0,0,89
1127841,87,8,0,0,0,0,1,6,9,15,1,0,78
1128027,60,8,0,0,0,0,0,0,0,10,3,0,78
1128028,0,9,0,9,10,12,1,4,6,10,0,0,89
1128029,3563,8,112,720,2160,2880,486,1538,3359,5342,452,0,78
1128116,116,2,0,0,0,0,0,0,0,0,1,0,78
1128117,-3,4,0,29,40,51,7,13,19,19,0,3,89
1128118,0,4,0,5,5,5,0,0,0,0,0,0,78
1128168,1,8,0,0,0,0,0,0,0,0,2,0,78
1128169,2,12,0,0,0,0,0,0,0,1,0,0,89
1128170,64,4,0,0,0,0,4,9,107,113,0,0,78
1128231,3,2,0,0,0,0,1,1,1,1,1,0,89
1128232,128,8,0,0,0,0,2,5,11,15,0,0,78
1128247,3,3,0,16,16,16,1,3,6,7,0,0,89
1128248,8,12,0,7,14,21,2,16,22,36,0,0,78
1128287,-1,52,0,0,0,0,2,7,14,23,1,1,89
1128288,6,8,0,1,4,7,0,2,7,12,0,0,78
1128453,-773,3,1558,11340,15714,19602,13531,15726,24251,34603,2069,3005,78
1128454,11,8,6,49,93,137,9,89,173,234,13,0,89
1128455,1446,4,0,510,510,510,9,18,26,45,25,0,78
1128617,14,8,0,0,0,0,0,1,7,14,7,0,78
1128618,-3,16,0,13,28,28,4,11,14,20,2,3,89
1128619,49,9,0,24,54,72,4,29,56,99,11,0,78
1128796,21,8,0,0,0,0,1,4,11,15,2,0,78
1128797,0,8,0,3,7,16,5,15,25,31,1,0,89
1128798,3,8,0,0,0,0,0,0,0,1,0,0,78
1129008,2,3,0,0,0,0,0,0,0,0,0,0,78
1129009,-3,12,0,3,3,3,3,4,4,4,0,3,89
1129150,267,8,10,0,0,0,13,42,70,121,21,0,78
1129151,10,2,0,0,0,0,0,0,0,0,2,0,89
1129211,14,2,0,5,11,11,0,1,1,1,0,0,78
1129212,0,2,0,1,1,1,0,0,0,0,0,0,89
1129213,4,2,0,5,5,5,0,0,0,0,0,0,78
1129443,0,9,0,5,5,5,0,0,0,0,0,0,78
1129444,3,8,0,16,16,16,1,5,10,17,2,0,89
1129445,18,8,0,0,0,0,0,1,2,3,0,0,78
1129575,0,2,0,5,7,7,0,0,0,0,0,0,78
1129576,0,12,0,10,16,22,1,5,11,14,0,0,89
1129956,107,8,18,207,363,480,50,150,323,525,60,0,78
1129957,0,2,0,9,9,9,0,0,0,0,1,0,89
1129998,42,8,0,0,0,0,1,1,1,1,0,0,78
1129999,1,12,0,5,8,11,4,5,9,14,0,0,89
1130000,2,8,0,6,18,24,0,2,9,15,1,0,78
1130077,859,8,9,0,0,0,80,227,466,802,86,0,78
1130078,2,9,0,20,40,60,3,13,23,25,3,0,89
1130079,228,8,0,22,202,385,29,114,535,848,46,0,78
1130086,44,0,1,177,292,410,65,152,250,309,62,0,89
1130092,13,8,2,0,16,26,1,3,14,22,3,0,78
1130093,5,8,0,0,0,1,0,1,1,2,2,0,89
1130094,443,2,135,703,1365,2162,239,742,1454,2169,195,0,78
1130229,13,12,0,0,0,0,0,0,0,0,1,0,78
1130230,128,8,0,248,584,824,29,167,381,508,73,4,89
1130285,4,8,0,3,6,9,0,4,7,8,1,0,78
1130286,19,8,0,20,40,60,6,18,36,59,3,0,89
1130373,176,2,0,0,0,0,0,0,0,0,0,0,78
1130374,0,2,0,5,5,5,0,0,0,0,0,0,89
1130487,197,12,8,0,22,55,21,77,169,256,34,0,78
1130488,3,3,0,16,24,32,6,13,24,34,0,0,89
1130489,3,8,0,0,0,0,0,0,0,1,0,0,78
1130837,5,8,0,8,8,12,1,5,6,8,0,0,78
1130838,-62,8,0,120,120,120,1,109,120,133,53,0,89
1130839,241,8,0,0,0,0,0,0,0,0,0,0,78
1131052,71,2,40,383,677,971,70,164,242,242,99,0,78
1131053,0,12,0,2,4,5,0,2,2,2,0,0,89
1131054,4,8,1,3,4,7,0,3,4,5,1,0,78
1131297,14,2,0,11,22,33,0,11,29,52,5,0,89
1131298,9710,2,0,0,0,0,70,516,6116,9329,205,0,78
1131346,38,12,0,0,0,0,0,0,0,0,0,0,78
1131347,0,8,0,2,4,5,3,4,6,9,2,0,89
1131348,11,2,0,0,0,0,0,0,0,0,0,0,78
1131438,7,2,0,0,0,0,0,1,1,1,0,0,78
1131439,16,2,0,104,188,220,16,16,16,16,16,1,89
1131519,16,8,0,0,0,0,0,9,19,22,0,0,78
1131520,0,2,0,166,206,206,3,6,6,6,11,3,89
1131711,17,4,0,20,55,90,6,23,79,105,10,0,89
1131712,179,8,21,0,0,0,13,31,103,161,14,0,78
1131802,1122,8,559,3672,6947,9328,1002,3099,6300,10750,570,0,78
1131803,26,2,0,0,0,0,0,7,8,8,2,0,89
1131804,6,12,0,0,0,0,0,0,0,0,0,0,78
1131808,14,9,9,5,27,42,3,17,34,51,7,0,78
1131809,5,8,0,7,14,14,2,8,14,16,0,0,89
1131810,10,12,0,0,0,0,0,0,0,0,1,0,78
1131895,4,8,0,5,10,15,2,6,16,22,0,0,78
1131896,3,8,0,14,14,21,5,9,15,24,3,0,89
1131897,17,8,9,1,1,4,3,7,15,17,0,0,78
1131922,7,2,0,0,1,1,1,1,1,1,1,0,89
1131923,30,2,201,0,0,0,0,0,0,0,22,0,78
1131931,6,3,0,0,0,0,0,0,0,0,0,0,78
1131932,23,2,0,84,144,204,31,116,212,233,0,0,89
1131933,3,2,0,5,9,12,2,5,7,9,0,0,78
1131979,73,12,0,0,0,23,4,21,34,138,1,0,78
1131980,324,8,225,1305,1905,2570,423,958,1221,1816,294,0,89
1132098,190,2,9,136,272,340,45,116,231,315,60,0,78
1132099,11,2,10,27,50,64,20,71,91,92,14,0,89
1132100,123,2,8,152,312,488,48,123,190,251,48,0,78
1132205,2270,8,0,0,0,0,102,203,366,544,71,0,78
1132206,0,8,0,17,26,38,1,13,28,42,3,0,89
1132207,799,8,714,1938,3366,4998,712,1644,3033,4109,348,0,78
1132392,12,8,0,17,73,101,7,51,86,131,5,0,89
1132393,3,8,0,18,36,60,4,27,59,73,12,0,78
1132417,54,8,7,288,396,516,122,315,418,736,70,0,89
1132477,185,8,58,496,888,1168,109,362,691,1130,106,0,78
1132478,275,8,152,904,2065,3064,582,1556,3098,4330,169,0,89
1132559,15,8,0,120,240,360,39,99,206,282,18,0,89
1132560,68,12,9,405,729,1080,126,364,760,1090,11,0,78
1132845,18,2,0,0,0,0,0,2,3,7,0,0,78
1132846,0,12,0,5,7,7,0,0,0,0,0,0,89
1133175,1492,8,770,3100,6100,9200,1015,3369,6378,9412,937,0,78
1133176,0,4,0,100,100,100,10,22,22,34,0,0,89
1133177,11,9,0,93,123,152,25,49,73,120,16,0,78
1133208,2,12,0,1,3,5,1,1,3,5,2,0,78
1133209,12,2,0,12,36,60,7,13,30,48,0,0,89
1133210,5,2,0,0,0,12,2,2,5,8,0,0,78
1133223,4,2,0,0,0,0,0,0,0,0,0,0,78
1133224,19,12,20,40,60,100,1,24,49,65,21,0,89
1133281,110,2,0,0,0,0,1,4,10,10,0,0,78
1133282,-3,8,255,2209,3933,5549,305,1286,2329,4119,276,15,89
1133283,854,8,209,1950,3600,4800,494,1621,3153,5088,560,0,78
1133306,163,2,0,0,0,0,4,8,11,33,15,0,78
1133307,3,8,0,0,1,1,1,2,2,2,0,0,89
1133384,3,4,0,0,0,0,0,0,0,0,0,0,78
1133385,2,8,0,1,1,2,1,2,3,4,1,0,89
1133386,28,2,0,0,0,0,0,2,22,22,1,0,78
1133469,2,10,0,0,1,1,0,1,2,2,0,0,78
1133470,0,9,0,2,2,2,0,0,1,2,0,0,89
1133471,0,2,0,17,17,27,0,0,0,0,0,0,78
1133602,548,2,232,750,1500,1950,399,785,1377,2049,226,0,78
1133603,2,8,0,6,9,12,17,24,36,59,10,0,89
1133604,21,8,0,0,0,0,0,0,0,0,0,0,78
1133621,0,8,0,0,0,0,0,0,0,0,0,0,78
1133622,1,8,0,1,2,3,1,3,4,4,0,0,89
1133623,177,8,0,270,270,270,18,82,183,263,49,0,78
1133658,14,8,0,50,50,100,10,33,54,83,6,0,78
1133659,1,3,0,3,5,7,19,44,81,90,2,0,89
1133753,10,12,0,100,120,160,17,83,149,213,37,0,89
1133754,7,8,0,30,30,30,8,17,27,40,0,0,78
1133821,78,4,0,0,0,0,0,1,2,2,0,0,78
1133822,0,12,0,1,1,1,0,2,2,2,0,0,89
1133939,7,8,0,8,8,12,0,0,11,13,0,0,78
1133940,5,8,0,0,0,0,1,3,6,7,2,0,89
1133941,60,8,0,62,124,186,8,54,93,108,14,0,78
1133950,23,8,25,50,75,125,9,40,84,147,12,0,78
1133951,4,9,2,6,8,12,5,6,13,19,0,0,89
1133952,690,16,153,864,1512,1944,244,810,1428,2079,239,0,78
1134083,7,9,0,0,0,0,0,0,0,0,0,0,78
1134085,13,2,0,0,0,0,0,0,0,1,2,0,78
1134089,4,12,0,13,26,39,2,14,18,30,7,0,78
1134090,1,8,0,5,8,11,1,5,8,10,1,0,89
1134091,28,8,0,0,0,0,1,1,2,2,1,0,78
1134254,1,9,0,1,1,2,0,1,1,1,0,0,78
1134255,3,8,0,4,8,14,1,6,8,12,3,0,89
1134286,6,8,0,0,0,0,2,4,7,8,0,0,78
1134287,13,8,3,193,302,401,92,161,322,516,42,0,89
1134288,488,16,0,0,0,0,100,160,240,280,17,0,78
1134289,2,8,0,12,18,24,6,12,18,32,0,0,89
1134290,9,10,0,0,0,0,0,0,0,0,0,0,78
1134316,45,8,55,182,297,372,101,237,277,352,92,15,89
1134317,90,12,0,0,0,0,0,0,0,0,0,0,78
1134383,-66,8,67,811,1352,1821,391,691,1127,1602,157,81,89
1134384,37,8,0,0,0,0,0,0,1,1,0,0,78
1134435,13,12,0,0,0,0,0,1,1,1,0,0,78
1134436,4,8,0,0,5,5,1,5,7,11,0,0,89
1134437,9,12,0,0,0,0,0,0,0,0,0,0,78
1134521,2,2,0,1,2,3,0,0,2,5,0,0,89
1134522,124,8,0,0,0,0,15,48,72,108,12,0,78
1134557,2,2,10,20,30,50,11,19,32,68,4,0,89
1134558,10864,8,56,0,14000,14000,1785,4059,9089,11219,1192,0,78
1134881,0,2,0,4,13,13,0,0,0,0,0,0,89
1134882,0,2,0,68,116,116,0,0,0,0,7,0,78
1134920,12,9,0,0,0,0,0,0,0,1,0,0,78
1134921,0,8,0,19,43,55,4,11,28,41,0,0,89
1134922,6,9,0,0,0,0,0,2,2,4,0,0,78
1134974,5680,4,0,0,0,290,130,342,888,1292,170,0,78
1134975,1,2,4,4,8,16,1,4,15,21,0,0,89
1135001,9,12,0,0,0,0,0,1,2,5,0,0,78
1135002,17,2,0,92,157,209,13,55,110,168,31,0,89
1135003,651,4,477,614,1251,1788,195,589,1096,1551,121,0,78
1135136,3,12,0,0,0,0,0,0,0,0,0,0,78
1135137,22,15,0,106,196,262,19,62,100,143,43,0,89
1135138,9,8,250,0,0,0,5,22,40,62,0,0,78
1135207,1,4,29,0,0,0,3,21,23,23,0,0,78
1135208,21,8,0,0,50,50,0,0,0,0,0,0,89
1135209,4,8,0,3,3,4,0,0,2,5,0,0,78
1135384,2,9,0,0,0,0,0,0,0,0,0,0,78
1135385,2,12,0,3,5,8,2,4,8,9,1,0,89
1135386,2,12,0,12,12,12,3,4,10,16,0,0,78
1135555,2,8,1,1,3,5,1,3,5,5,0,0,78
1135556,3,8,0,0,0,0,5,8,12,23,1,0,89
1135557,1,4,1,3,3,3,1,1,1,1,1,0,78
1135586,25,8,0,0,0,0,0,3,5,6,0,0,78
1135587,111,2,104,174,324,444,108,201,266,313,92,0,89
1135588,547,8,0,0,0,0,1,2,5,9,3,0,78
1135657,3,52,0,0,0,0,0,0,0,0,0,0,78
1135658,3,4,0,4,8,16,2,6,17,19,0,0,89
1135659,1,8,0,0,0,0,0,0,0,0,1,0,78
1135698,3,4,0,0,0,0,0,2,3,3,0,0,78
1135699,3,2,0,14,14,14,3,4,4,4,1,0,89
1135700,76,3,23,105,210,336,22,69,143,226,23,0,78
1135780,533,8,221,1111,2161,2761,287,845,1714,3049,257,0,78
1135781,-4,8,0,96,96,144,12,42,71,90,0,4,89
1135782,3412,6,0,0,0,0,0,6,6,6,3,0,78
1135857,4,2,0,26,39,39,15,32,44,60,0,0,78
1135858,6,8,0,6,14,30,2,9,16,29,0,0,89
1135859,8,8,0,7,7,21,6,17,27,33,6,0,78
1135873,15,9,0,0,0,0,1,1,3,8,0,0,78
1135874,12,8,3,3,12,22,2,5,18,28,0,0,78
1135875,17,12,16,168,264,328,40,116,208,333,36,0,89
1135876,42,8,15,8,20,24,6,33,67,100,4,0,78
1135904,61,8,1,0,22,37,1,15,58,76,2,0,78
1135905,5,8,0,4,16,20,6,9,26,42,4,0,89
1135906,18,8,12,0,0,12,3,17,32,42,2,0,78
1135984,20580,8,4,0,0,0,23,107,212,277,66,1,78
1135985,0,2,0,118,205,286,0,0,0,1,17,0,89
1135986,0,12,0,57,57,57,0,0,0,0,45,0,78
1135987,76,9,0,0,0,0,0,1,2,3,0,0,78
1135988,0,8,0,1008,1008,1008,0,0,0,0,0,20,89
1136095,4,12,0,0,0,0,0,0,0,0,0,0,78
1136096,1,8,0,24,37,50,5,12,20,27,0,0,89
1136097,7,8,0,0,0,3,0,3,3,5,0,0,78
1136115,12,8,0,0,0,0,0,0,0,0,0,0,78
1136116,1,8,0,1,2,3,2,3,3,6,0,0,89
1136174,604,8,0,0,0,0,0,0,0,2,1,0,78
1136175,45,8,0,0,0,0,3,12,21,35,0,0,89
1136176,15,6,0,0,0,0,0,0,2,2,0,0,78
1136224,18,2,19,45,99,153,8,34,51,51,0,0,78
1136225,0,2,0,5,5,5,1,2,2,2,1,0,89
1136226,0,2,0,0,0,0,0,2,2,2,0,0,78
1136227,0,2,0,4,4,4,0,0,0,0,0,0,78
1136229,1,2,0,1,1,1,0,0,0,0,0,0,78
1136476,651,8,212,962,2126,3278,343,1028,2036,3160,239,0,78
1136478,0,2,0,27,41,41,0,0,0,0,0,0,78
1136479,15,2,0,0,0,0,0,3,5,6,0,0,78
1136480,4,2,0,0,0,0,0,0,0,0,0,0,78
1136481,0,2,0,0,0,0,4,5,5,5,0,0,89
1136482,2,8,0,0,0,0,0,0,1,1,0,0,78
1136491,140,8,0,113,302,437,49,152,307,485,47,0,78
1136492,1,8,0,20,44,56,5,15,31,53,0,0,89
1136493,85,12,0,0,0,0,0,1,2,3,1,0,78
1136616,11,2,0,0,0,0,0,1,1,1,0,0,78
1136617,1,2,0,0,0,0,1,1,1,1,0,0,89
1136618,2,4,0,0,0,0,0,0,0,0,0,0,78
1136656,99,9,0,0,0,0,0,0,0,0,0,0,78
1136657,1,8,0,0,0,0,1,1,1,1,1,0,89
1136701,1390,9,316,751,1818,2884,250,1007,1994,2747,173,0,78
1136702,0,8,0,28,52,63,0,0,0,0,0,0,89
1136795,0,2,2,2,3,3,0,0,0,0,1,0,78
1136796,0,2,0,40,60,60,0,0,0,0,0,0,89
1136797,7,9,0,0,0,0,0,0,2,7,0,0,78
1136816,335,8,0,0,0,0,26,56,1021,1052,0,0,78
1136817,0,9,0,1,1,1,0,0,0,0,0,0,89
1136818,8,9,0,0,0,0,0,0,0,0,0,0,78
1137079,0,8,0,10,10,11,6,7,7,9,0,0,89
1137080,649,9,10,0,0,0,20,52,114,177,31,0,78
1137106,1,2,0,0,0,0,0,0,0,0,0,0,78
1137107,-13,8,53,599,599,731,153,719,1068,11371,107,25,89
1137108,3874,2,781,4080,8320,12800,1429,3485,5759,7334,1570,0,78
1137142,20,2,0,0,0,0,0,0,0,0,0,0,78
1137143,6,8,0,0,0,0,3,6,9,16,2,0,89
1137144,37,12,0,0,0,0,0,0,0,0,0,0,78
1137255,2,2,0,14,14,14,3,3,5,7,0,0,78
1137256,0,2,0,859,1552,1971,0,0,0,0,67,0,89
1137257,6,8,0,0,0,1,1,3,5,6,0,0,78
1137297,0,16,0,3,3,4,0,1,1,3,0,0,78
1137298,7,2,0,1,1,1,6,21,22,22,2,0,89
1137303,366,8,7,0,0,0,7,37,80,118,26,0,78
1137304,109,12,0,0,0,0,0,0,1,4,1,0,78
1137305,0,8,0,3,4,6,2,3,4,8,0,0,89
1137306,51,8,3,0,0,20,10,27,54,86,21,0,78
1137307,44,2,0,0,0,0,0,3,5,5,0,0,78
1137308,31,8,0,0,0,0,0,0,0,0,0,0,78
1137371,3,8,0,2,3,4,0,1,2,5,0,0,78
1137372,2,8,0,10,15,25,1,6,14,18,3,0,89
1137373,30,8,0,0,0,0,0,0,0,1,0,0,78
1137428,2,8,0,0,0,0,0,0,0,0,1,0,78
1137429,1,8,0,30,40,60,17,26,51,65,0,0,89
1137430,6711,8,0,0,0,0,2,5,11,18,3,0,78
1137496,0,8,0,0,0,0,0,0,0,0,0,0,78
1137447,1,2,0,2,3,4,2,5,11,14,4,0,89
1137456,9300,8,0,0,0,0,25,127,177,227,105,0,78
1137457,12,8,0,0,0,0,4,8,20,34,1,0,89
1137458,2532,8,12,0,0,0,20,66,149,280,140,0,78
1137695,5,12,0,0,0,1,0,2,3,4,0,0,78
1137696,4,8,0,4,12,16,2,5,9,16,0,0,89
1137697,2,8,0,4,4,5,0,2,5,5,0,0,78
1137706,180,2,64,250,600,1000,80,280,592,772,76,0,78
1137707,3,9,0,8,13,15,5,9,10,13,5,0,89
1138070,0,8,0,22,31,47,4,15,15,19,3,0,89
1138071,40,8,0,0,0,0,0,1,1,1,0,0,78
1138224,18,8,6,128,212,254,46,103,178,274,21,0,78
1138225,5,4,0,0,0,1,1,4,7,9,1,0,89
1138226,12,8,0,0,3,3,0,5,8,9,0,0,78
1138290,11,8,0,0,0,5,1,4,8,15,0,0,78
1138291,11,8,0,10,16,22,8,22,49,72,2,0,89
1138292,15,2,40,40,70,110,13,42,67,85,0,0,78
1138316,0,12,0,5,8,11,2,5,5,10,0,0,89
1138317,102,9,0,0,0,0,7,10,24,61,12,0,78
1138477,3,4,0,0,0,0,0,0,0,0,0,0,78
1138478,6,2,0,0,0,0,0,1,3,3,0,0,89
1138479,15,2,0,0,0,0,1,1,1,1,0,0,78
1138665,31,8,0,0,0,0,0,0,0,0,0,0,78
1138666,1,8,0,10,20,30,2,12,20,21,0,0,89
1138667,48,9,0,0,0,8,6,24,76,133,3,0,78
1138838,2,9,0,0,0,0,0,0,0,0,0,0,78
1138839,0,12,0,7,11,11,0,0,0,0,0,0,89
1138879,11,2,0,0,0,0,0,1,1,2,1,0,78
1138880,4,8,0,400,400,400,11,40,81,141,22,0,89
1138881,296,8,2,128,461,683,96,348,679,979,137,0,78
1138897,24,8,0,24,24,24,0,0,0,0,0,0,78
1138898,69,8,0,29,29,29,8,25,53,90,21,0,89
1138899,276,8,18,96,144,240,70,153,288,438,72,0,78
1139067,176,14,23,24,96,144,23,73,167,267,28,0,78
1139068,2,8,0,4,7,8,2,5,7,14,0,0,89
1139069,8,14,0,0,0,0,0,0,0,0,2,0,78
1139152,10,12,0,0,0,0,0,0,0,0,1,0,78
1139153,-36,12,1,355,431,540,39,128,211,359,45,40,89
1139291,6,12,0,0,0,0,1,2,2,3,0,0,89
1139292,4,2,1,10,10,10,1,4,7,10,0,0,78
1139302,15118,12,801,5760,8064,11136,892,4624,13534,21364,6681,0,78
1139303,35,8,0,317,558,792,60,222,389,558,87,1,89
1139328,10322,8,0,0,0,0,0,0,0,0,1,0,78
1139329,22,12,0,200,300,380,55,146,248,349,60,0,89
1139330,128,2,43,135,285,335,90,127,294,448,61,1,78
1139460,23,4,0,0,9,18,3,10,21,29,3,0,78
1139461,7,8,9,135,220,290,58,104,169,239,67,2,89
1139462,9,2,0,0,0,0,3,10,13,13,1,0,78
1139579,278,2,228,60,270,450,202,203,203,203,43,0,78
1139581,9,2,0,80,140,200,18,53,118,157,0,0,89
1139582,11,8,37,18,48,72,12,41,79,115,12,0,78
1139716,0,3,0,854,1873,1887,2,3,3,3,91,1,89
1139717,0,3,0,19,34,34,1,1,1,1,4,0,78
1139800,126,8,1,0,0,0,6,13,32,47,5,0,78
1139801,3,8,0,2,2,4,2,4,7,10,0,0,89
1139802,110,8,6,63,153,259,24,85,179,262,44,0,78
1140074,28,2,0,30,60,90,13,38,55,79,20,0,78
1140075,3,8,0,0,0,0,0,0,0,2,0,0,78
1140076,8,8,4,272,412,556,43,146,297,461,58,3,89
1140077,0,8,0,0,0,0,0,0,0,0,0,0,78
1140109,22,8,0,21,49,70,9,13,30,66,0,0,78
1140110,0,3,0,4,4,6,1,4,5,6,0,0,89
1140111,1836,8,0,0,0,0,2,16,29,40,0,0,78
1140246,16,2,0,40,40,40,1,3,16,18,0,0,78
1140247,-1,8,0,9,13,17,10,11,16,21,0,1,89
1140255,54,2,0,0,0,0,0,0,5,8,0,0,78
1140256,94,8,0,0,0,0,1,3,3,6,0,0,89
1140257,64,2,0,0,20,60,25,50,91,113,0,0,78
1140777,10,12,0,0,0,0,0,0,0,0,1,0,78
1140778,0,2,0,11,11,11,0,0,0,0,1,0,89
1140779,10,12,0,0,0,0,0,0,0,0,1,0,78
1140850,4,12,0,30,42,60,0,11,21,36,0,0,89
1140851,724,8,0,0,0,0,0,1,1,1,3,0,78
1140921,53,4,77,51,153,272,13,72,129,152,0,0,78
1140922,0,8,0,8,13,18,0,3,6,11,1,0,89
1140923,16,52,0,0,0,0,1,4,5,9,1,0,78
1141086,0,2,0,4,14,14,0,0,0,0,0,0,78
1141088,-28,9,0,86,121,149,32,63,94,107,24,28,89
1141089,156,8,1,157,319,445,26,69,156,208,78,0,78
1141234,9,2,0,20,20,20,0,0,0,0,1,0,78
1141235,0,8,0,1,1,1,0,1,1,1,0,0,89
1141236,136,8,0,0,55,110,20,26,57,212,16,0,78
1141900,0,2,0,20,24,24,0,0,0,0,0,0,89
1142089,55,4,6,0,0,0,1,4,4,4,0,0,78
1142090,56,8,21,864,1452,2160,328,868,1363,1755,231,16,89
1142091,439,8,98,858,1248,1638,182,511,942,1547,159,0,78
1142198,9,2,3,6,6,6,4,6,6,6,2,0,89
1142199,3,12,0,0,0,0,0,0,0,0,0,0,78
1142200,12,2,0,0,0,0,0,0,0,0,0,0,78
1142201,9,2,0,14,25,39,6,12,12,12,0,0,78
1142202,63,12,0,0,0,0,0,6,17,17,0,0,78
1142203,0,8,0,5,6,6,0,0,0,0,0,0,89
1142204,44,2,0,0,0,0,0,0,4,5,0,0,78
1142312,3,8,0,5,11,18,1,6,10,16,1,0,78
1142313,2,8,0,18,30,38,7,22,35,54,26,0,89
1142314,12,2,0,0,0,0,0,0,0,0,1,0,78
1142315,3,8,0,0,0,0,1,1,1,1,0,0,89
1142411,12,2,0,12,12,12,8,16,19,19,0,0,89
1142412,0,2,0,7,7,12,0,0,0,0,0,0,78
1142491,99,8,0,0,0,0,0,0,0,0,0,0,78
1142492,1,8,0,35,70,70,8,27,43,69,4,0,89
1142493,7,8,0,0,0,0,0,0,0,0,1,0,78
1142650,34,8,0,0,0,0,2,5,6,7,2,0,78
1142651,10,2,1,3,3,3,8,30,30,30,0,0,89
1142652,2,12,0,0,0,0,0,0,0,0,0,0,78
1142922,47,8,0,0,0,100,18,30,67,77,0,0,78
1142923,0,3,0,30,30,30,11,28,29,29,15,0,89
1142924,224,8,42,320,720,1040,71,243,541,911,107,0,78
1143014,3,8,0,0,0,0,0,0,0,0,0,0,78
1143015,4,8,0,0,4,4,1,4,4,4,0,0,89
1143016,55,8,0,0,0,0,5,16,43,106,7,0,78
1143182,-11,8,63,196,294,392,104,207,286,360,55,37,78
1143183,0,8,0,5,8,10,0,2,4,7,0,0,89
1143206,25,2,0,24,72,96,0,13,22,23,4,0,78
1143207,9,8,0,20,20,40,5,11,16,25,0,0,89
1143208,200,2,0,0,0,0,0,0,0,0,0,0,78
1143239,175,12,0,0,0,0,0,0,0,0,0,0,78
1143240,17,8,0,77,122,182,19,62,113,169,25,0,89
1143241,9,4,0,13,25,41,3,10,19,34,3,0,78
1144024,13,8,0,29,61,102,12,29,73,95,0,0,89
1144025,1,8,0,0,0,0,2,2,2,3,0,0,78
1144260,0,2,0,10,10,10,0,0,0,0,1,0,89
1144261,8,2,0,0,0,0,0,0,0,0,0,0,78
1144326,0,3,0,8,8,14,0,0,0,0,0,0,78
1144327,0,2,0,4,10,10,0,0,0,0,0,0,89
1144351,278,9,140,0,360,600,73,279,658,1015,81,0,78
1144352,7,8,0,23,35,44,2,4,13,32,0,0,89
1144353,0,8,0,1,2,3,0,1,2,3,0,0,78
1144885,83,8,0,0,0,0,3,8,23,38,1,0,78
1144886,-98,8,1,170,170,170,1,100,122,173,3,98,89
1145042,191,8,22,180,348,540,43,131,252,392,91,0,78
1145043,0,8,0,15,21,27,1,6,13,23,0,0,89
1145044,39,4,19,9,39,47,2,34,61,81,0,0,78
1145091,0,8,0,15,15,30,0,0,0,0,0,0,78
1145092,2,8,0,10,14,20,3,6,14,22,9,0,89
1145093,90,2,45,88,184,304,23,96,170,284,19,0,78
1145103,13,4,6,0,0,6,0,0,0,0,0,0,78
1145104,15,2,0,20,40,60,13,27,33,35,0,0,89
1145105,32,2,0,0,0,0,5,5,5,5,2,0,78
1145146,6,9,0,0,0,0,0,0,0,1,2,0,78
1145147,0,8,0,5,8,14,1,6,16,24,0,0,89
1145148,133,4,0,55,121,121,6,10,10,10,30,0,78
1145292,81,12,2,0,6,30,11,24,43,77,15,0,78
1145293,0,8,0,27,38,49,1,13,16,27,0,0,89
1145294,-10,2,30,20,20,20,25,25,25,25,0,10,78
1145372,-1,8,0,13,16,18,6,10,21,25,0,1,89
1145373,79,5,10,152,323,504,42,200,393,591,31,0,78
1145446,0,9,0,10,14,22,7,11,20,25,0,0,78
1145447,3,8,0,13,29,45,3,9,13,23,1,0,89
1145448,79,8,0,0,0,0,1,10,30,35,1,0,78
1145470,0,8,0,10,20,20,2,5,12,14,1,0,89
1145471,247,8,0,0,0,0,0,0,0,11,0,0,78
1145630,525,8,67,390,658,999,119,344,647,983,163,0,78
1145632,46,8,0,0,0,5,3,7,26,46,5,0,78
1146002,3,8,0,0,0,0,0,0,0,0,1,0,78
1146003,1,2,0,15,26,37,5,13,29,38,0,0,89
1146004,2,12,0,0,0,0,0,0,1,1,0,0,78
1146009,0,4,0,17,17,20,0,0,45,60,1,0,78
1146010,0,3,0,118,118,118,0,3,4,11,14,0,89
1146011,29,2,0,0,0,0,0,0,0,0,1,0,78
1146138,0,2,15,0,0,0,0,0,0,0,0,0,78
1146139,0,8,0,5,7,7,0,0,0,0,0,0,89
1146140,96,3,0,72,72,72,0,1,1,1,0,0,78
1146174,21,8,0,0,0,0,3,5,11,17,2,0,78
1146175,0,2,0,26,36,36,0,2,2,2,0,0,89
1146176,3,2,0,0,0,0,1,1,2,2,0,0,78
1146202,6,8,0,0,0,0,0,0,0,3,1,0,78
1146203,0,8,0,3,5,7,0,0,3,7,2,0,89
1146204,3,3,0,6,6,6,0,0,0,0,0,0,78
1146364,137,2,97,0,0,0,10,108,168,274,47,0,78
1146365,1,8,0,2,2,2,1,1,3,3,0,0,89
1146366,68,8,0,0,0,0,2,2,4,6,2,0,78
1146603,3,8,0,4,4,7,1,3,4,6,0,0,78
1146604,0,2,0,17,27,32,0,0,0,0,0,0,89
1146605,7,2,0,0,0,0,0,0,0,0,1,0,78
1146635,6,9,0,0,12,12,0,4,5,6,0,0,78
1146636,-1,2,0,110,110,110,76,130,130,130,0,1,89
1146637,115,4,0,0,0,0,0,0,0,0,0,0,78
1146638,1,9,0,3,6,8,1,2,5,5,0,0,78
1146752,109,2,0,0,63,135,4,40,89,105,0,0,78
1146753,11,2,0,15,36,63,3,10,22,43,0,0,89
1146754,82,2,0,0,0,0,0,3,6,8,0,0,78
1146844,134,2,0,0,80,160,16,58,121,162,18,0,78
1146845,0,2,0,6,9,9,0,0,0,0,0,0,89
1147139,173,8,0,0,0,0,8,17,26,45,0,0,78
1147140,1,8,0,1,2,3,3,5,5,6,1,0,89
1147141,73,12,3,75,75,150,11,47,74,108,19,0,78
1147214,380,52,50,0,0,0,21,66,230,326,35,0,78
1147215,-29,8,0,222,354,450,21,36,197,233,69,29,89
1147216,25,2,0,50,100,100,16,25,88,141,7,0,78
1147280,7,8,0,16,36,56,3,15,36,57,7,0,89
1147281,0,8,0,15,15,15,0,0,0,0,0,0,78
1147480,33,8,3,66,110,143,4,8,57,86,0,0,78
1147481,0,12,0,7,9,13,0,3,6,8,0,0,89
1147498,12,8,0,50,100,160,12,32,45,45,22,0,78
1147499,-1,9,0,9,9,9,1,6,6,7,0,1,89
1147500,4,8,0,0,0,0,8,22,36,55,0,0,89
1147501,11,2,0,0,0,0,0,0,0,0,0,0,78
1147592,23,2,0,0,12,36,6,27,47,60,0,0,89
1147593,87,2,0,0,0,0,0,0,0,1,0,0,78
1147750,10,2,0,0,0,0,0,0,0,2,0,0,78
1147751,0,9,0,2,2,3,1,2,2,2,0,0,89
1147752,36,2,0,0,0,0,1,1,1,1,1,0,78
1147821,2,8,0,0,0,0,1,1,1,2,1,0,78
1147822,3,2,0,0,0,0,0,1,1,1,0,0,89
1147823,11,2,0,0,0,0,0,1,1,1,1,0,78
1147952,2,2,0,9,9,9,1,5,5,5,0,0,78
1147953,0,2,0,4,6,9,3,6,8,12,0,0,89
1147954,5,2,0,0,4,8,0,2,10,10,0,0,78
1147960,34,2,0,60,135,195,11,61,138,166,10,0,78
1147961,0,2,0,12,12,12,0,0,0,0,0,0,89
1147962,4,4,0,80,80,80,0,0,0,0,1,0,78
1148212,16,4,0,0,0,0,0,0,0,0,0,0,78
1148213,0,2,0,9,12,12,0,0,0,0,1,0,89
1148214,13,4,0,0,0,0,3,8,11,11,0,0,78
1148215,44,4,0,18,50,82,1,10,36,72,0,0,78
1148266,5,8,0,0,0,0,1,1,1,2,1,0,78
1148267,9,12,0,24,48,88,7,30,46,73,9,0,89
1148268,16,52,0,0,0,0,0,8,22,26,0,0,78
1148269,2,2,0,10,10,10,0,2,2,2,0,0,78
1148270,17,9,0,1,1,1,0,0,1,3,1,0,78
